{
  "test/integration/FirstJourney.js.map": 1724041128860,
  "test/testsuite.qunit.js": 1723907773600,
  "test/integration/pages/RisksList.js": 1723907773648,
  "test/integration/opaTests.qunit.js": 1723907773616,
  "test/integration/FirstJourney.js": 1723907773652,
  "test/integration/pages/RisksObjectPage.js": 1723907773648,
  "xs-app.json": 1724041115181,
  "manifest.json": 1724037778659,
  "Component.js": 1723907773528,
  "test/integration/opaTests.qunit-dbg.js": 1723907773616,
  "test/integration/opaTests.qunit.js.map": 1724041128872,
  "test/integration/pages/RisksList-dbg.js": 1723907773648,
  "test/integration/pages/RisksList.js.map": 1724041128866,
  "test/testsuite.qunit-dbg.js": 1723907773600,
  "test/testsuite.qunit.js.map": 1724041128862,
  "test/integration/FirstJourney-dbg.js": 1723907773652,
  "i18n/i18n.properties": 1723907800688,
  "test/integration/pages/RisksObjectPage-dbg.js": 1723907773648,
  "test/integration/pages/RisksObjectPage.js.map": 1724041128862,
  "Component-dbg.js": 1723907773528,
  "Component.js.map": 1724041128864,
  "Component-preload.js": 1724041128955,
  "Component-preload.js.map": 1724041128955,
  "test/integration/opaTests.qunit.html": 1723907773616,
  "test/testsuite.qunit.html": 1723907773588,
  "test/flpSandbox.html": 1723907773588,
  "index.html": 1723907773540
}